{"cameraMode":{"drawMode":0,"name":"Shaded","section":"Shading Mode"},"sceneLighting":true,"audioPlay":false,"sceneViewState":{"showFog":true,"showMaterialUpdate":false,"showSkybox":true,"showFlares":true,"showImageEffects":true,"showParticleSystems":true},"in2DMode":false,"pivot":{"x":1.9735007286071778,"y":1.5497894287109376,"z":0.8148183822631836},"rotation":{"x":0.2565557062625885,"y":0.01739637926220894,"z":-0.004618502222001553,"w":0.9663614630699158},"size":10.672264099121094,"orthographic":false}